{
  "M1B": [
    43.8186207770573,
    -79.19171523966506
  ],
  "M1C": [
    43.78763543518926,
    -79.15602638135094
  ],
  "M1E": [
    43.76726100471203,
    -79.18592154796384
  ],
  "M1G": [
    43.77244458476099,
    -79.21668580695587
  ],
  "M1H": [
    43.76709719914293,
    -79.23957537872033
  ],
  "M1J": [
    43.746758644250505,
    -79.23172714819003
  ],
  "M1K": [
    43.7295735659862,
    -79.26306642064746
  ],
  "M1L": [
    43.71073673118015,
    -79.28394859654738
  ],
  "M1M": [
    43.724376881177925,
    -79.2312586170936
  ],
  "M1N": [
    43.69470773125148,
    -79.26502656296493
  ],
  "M1P": [
    43.76219730219336,
    -79.27015988959592
  ],
  "M1R": [
    43.74881414447199,
    -79.29884565172274
  ],
  "M1S": [
    43.79384647711345,
    -79.26532460780264
  ],
  "M1T": [
    43.78126339882329,
    -79.30341512892971
  ],
  "M1V": [
    43.81756251356126,
    -79.27967867852405
  ],
  "M1W": [
    43.801409827944404,
    -79.32149888921113
  ],
  "M1X": [
    43.827136489348526,
    -79.23112996619686
  ],
  "M2H": [
    43.801572632844504,
    -79.35758978352926
  ],
  "M2J": [
    43.78030723050148,
    -79.34765676837303
  ],
  "M2K": [
    43.77953708070858,
    -79.38086937116655
  ],
  "M2L": [
    43.75541675786843,
    -79.37336807083209
  ],
  "M2M": [
    43.79136421678969,
    -79.41036689381087
  ],
  "M2N": [
    43.767370233835635,
    -79.41101339155186
  ],
  "M2P": [
    43.74954172605641,
    -79.39795253915788
  ],
  "M2R": [
    43.77845599176738,
    -79.44492138489785
  ],
  "M3A": [
    43.75503093089487,
    -79.3301593322403
  ],
  "M3B": [
    43.74240780688243,
    -79.35962639660389
  ],
  "M3C": [
    43.72381326103443,
    -79.34129958883854
  ],
  "M3H": [
    43.752909539840545,
    -79.44690453606525
  ],
  "M3J": [
    43.76605508314812,
    -79.48882167324402
  ],
  "M3K": [
    43.74030252413586,
    -79.47026978143631
  ],
  "M3L": [
    43.731632533819834,
    -79.51478055979115
  ],
  "M3M": [
    43.72967610575712,
    -79.49397459476894
  ],
  "M3N": [
    43.75712649089835,
    -79.5203966256725
  ],
  "M4A": [
    43.72801567371219,
    -79.31515028105366
  ],
  "M4B": [
    43.70637277863403,
    -79.31014632258098
  ],
  "M4C": [
    43.69124995271669,
    -79.31127227572605
  ],
  "M4E": [
    43.677690525415485,
    -79.29446195146323
  ],
  "M4G": [
    43.71232208421194,
    -79.36592849508926
  ],
  "M4H": [
    43.7040945894251,
    -79.3436240270155
  ],
  "M4J": [
    43.68740087976874,
    -79.33655050813466
  ],
  "M4K": [
    43.680185288578684,
    -79.35352757728472
  ],
  "M4L": [
    43.67026655583723,
    -79.31668045366618
  ],
  "M4M": [
    43.65040659009632,
    -79.33625678369107
  ],
  "M4N": [
    43.73030231444935,
    -79.39357550305914
  ],
  "M4P": [
    43.7125295148137,
    -79.39081815211323
  ],
  "M4R": [
    43.71443824496052,
    -79.40646297246127
  ],
  "M4S": [
    43.70117042616918,
    -79.38579260871236
  ],
  "M4T": [
    43.688876465774335,
    -79.38410842742097
  ],
  "M4V": [
    43.686361736309436,
    -79.40280044329441
  ],
  "M4W": [
    43.683811213671426,
    -79.37252083162286
  ],
  "M4X": [
    43.66922507879791,
    -79.36796825693628
  ],
  "M4Y": [
    43.6664007933625,
    -79.38113919041001
  ],
  "M5A": [
    43.65539412449134,
    -79.36277267354613
  ],
  "M5B": [
    43.65754630035015,
    -79.3778545218772
  ],
  "M5C": [
    43.65117565710734,
    -79.37523917453139
  ],
  "M5E": [
    43.6451306607063,
    -79.3732428063674
  ],
  "M5G": [
    43.656144172148736,
    -79.3852851258483
  ],
  "M5H": [
    43.64858553343225,
    -79.38214817875195
  ],
  "M5J": [
    43.626630867456306,
    -79.38189895722675
  ],
  "M5M": [
    43.733534318313566,
    -79.41761875181993
  ],
  "M5N": [
    43.71139908913727,
    -79.41974674691161
  ],
  "M5P": [
    43.69605441010276,
    -79.41254230875825
  ],
  "M5R": [
    43.67400921141982,
    -79.40293512441224
  ],
  "M5S": [
    43.663049271782505,
    -79.39833910622139
  ],
  "M5T": [
    43.65342792484573,
    -79.39754956769933
  ],
  "M5V": [
    43.63838714795616,
    -79.40428065626523
  ],
  "M6A": [
    43.72256096598527,
    -79.4502073475605
  ],
  "M6B": [
    43.707993599734436,
    -79.4474005710076
  ],
  "M6C": [
    43.69174874358847,
    -79.43138066263685
  ],
  "M6E": [
    43.688627010782525,
    -79.45063759346928
  ],
  "M6G": [
    43.66858982912111,
    -79.42066456947936
  ],
  "M6H": [
    43.66547767009682,
    -79.43800936314176
  ],
  "M6J": [
    43.648271890922395,
    -79.41675458896012
  ],
  "M6K": [
    43.64101896560927,
    -79.43028666035431
  ],
  "M6L": [
    43.71336672110144,
    -79.4874243003388
  ],
  "M6M": [
    43.69360888494794,
    -79.48521945273156
  ],
  "M6N": [
    43.6745593011492,
    -79.48388786354212
  ],
  "M6P": [
    43.66023974485694,
    -79.46341716020638
  ],
  "M6R": [
    43.647167708576085,
    -79.44923865330877
  ],
  "M6S": [
    43.6489097956779,
    -79.47710893176176
  ],
  "M8V": [
    43.60810159852714,
    -79.49995465220779
  ],
  "M8W": [
    43.60121436199543,
    -79.53960087991052
  ],
  "M8X": [
    43.651760694530935,
    -79.5071066364098
  ],
  "M8Y": [
    43.63309111405518,
    -79.49414218668355
  ],
  "M8Z": [
    43.62628222281339,
    -79.51722677444204
  ],
  "M9A": [
    43.665945781492084,
    -79.52836871146413
  ],
  "M9B": [
    43.64633617866749,
    -79.55015293926961
  ],
  "M9C": [
    43.64179475483855,
    -79.57501632831583
  ],
  "M9L": [
    43.758927161411926,
    -79.55617962897693
  ],
  "M9M": [
    43.73713681807824,
    -79.54029736106352
  ],
  "M9N": [
    43.70678117301239,
    -79.51695153426036
  ],
  "M9P": [
    43.694776483548004,
    -79.53267084913952
  ],
  "M9R": [
    43.68759494022373,
    -79.55808706972853
  ],
  "M9V": [
    43.74272438230828,
    -79.59437299604092
  ],
  "M9W": [
    43.70982352317117,
    -79.5841565031539
  ]
}